{
"apiVersion": "V2",
"assemblies": [
{
  "files": [
    {
      "filePath": "data_summary.tsv",
      "fileType": "DATA_TABLE"
    },
    {
      "filePath": "assembly_data_report.jsonl",
      "fileType": "DATA_REPORT"
    }
  ]
},{
  "accession": "GCA_016415705.1",
  "files": [
    {
      "filePath": "GCA_016415705.1/GCA_016415705.1_ASM1641570v1_genomic.fna",
      "fileType": "GENOMIC_NUCLEOTIDE_FASTA"
    },
    {
      "filePath": "GCA_016415705.1/genomic.gff",
      "fileType": "GFF3"
    }
  ]
},{
  "accession": "GCF_016415705.1",
  "files": [
    {
      "filePath": "GCF_016415705.1/GCF_016415705.1_ASM1641570v1_genomic.fna",
      "fileType": "GENOMIC_NUCLEOTIDE_FASTA"
    },
    {
      "filePath": "GCF_016415705.1/genomic.gff",
      "fileType": "GFF3"
    }
  ]
}]}
